{
    "positionCoin": [
        {"x":320,"y":3030},
        {"x":320,"y":2900},
        {"x":320,"y":2770},
        {"x":1380,"y":2170},
        {"x":510,"y":1415},
        {"x":840,"y":570},
        {"x":840,"y":670},
        {"x":840,"y":770},
        {"x":1420,"y":480},
        {"x":1420,"y":350},
        {"x":1420,"y":220},
        {"x":2950,"y":2250},
        {"x":2850,"y":2250},
        {"x":2750,"y":2250}
    ],
    "positionPad": [
        {"x":2970,"y":1150, "d":1},
        {"x":390,"y":2325, "d":0},
        {"x":1430,"y":750, "d":0}
    ]
}